results:max_cv,results:time
1.8379040846113e-07,0.22502559954685
2.2555243490503e-07,0.32623686334746
2.0164262849719e-06,21.938571928053
1.6595934785077e-05,1453.6989872175
0.00012222186772221,66877.821244672
0.0012966054292399,1030388.1068131
0.018019558809314,14750309.376792
