results:max_cv,results:time
1.0059443973535,825268094.28394
1.0059443973535,825268094.28394
1.0059443973535,825268094.28394
1.0059443973535,825268094.28394
1.0059443973535,825268094.28394
1.0059443973535,825268094.28394
1.0000238765707,820410753.21565
